datetime,btc,atom,sol
2020-04-10 20:00:00,6864.694257006497,2.3022527483797255,0.9576058280146803
2020-04-11 20:00:00,6878.781212589853,2.305321232042503,0.7847113148208426
2020-04-12 20:00:00,6913.158787469097,2.3100032522658656,0.8759944068917709
2020-04-13 20:00:00,6857.538537511484,2.2620657367958374,0.7867121945458646
2020-04-14 20:00:00,6860.17853570111,2.3585085984475014,0.666673390515131
2020-04-15 20:00:00,6629.431738031291,2.269667331566875,0.6376210673084666
2020-04-16 20:00:00,7059.92622475854,2.4085267970000706,0.6923331250859114
2020-04-17 20:00:00,7035.261503989225,2.3706853398484036,0.657449398309544
2020-04-18 20:00:00,7242.5109294929825,2.5072720238082624,0.6769721852162044
2020-04-19 20:00:00,7127.511949689152,2.384795346989111,0.6094358389483635
2020-04-20 20:00:00,6856.456278354705,2.2753898696446644,0.5347904942320182
2020-04-21 20:00:00,6842.038597634602,2.2722231852936305,0.5728269210770057
2020-04-22 20:00:00,7109.995291181778,2.385363839485233,0.6848872198147996
2020-04-23 20:00:00,7382.793144116689,2.396465713022384,0.6217032788666345
2020-04-24 20:00:00,7495.393587498606,2.742568058673059,0.6227650900853694
2020-04-25 20:00:00,7538.557687279841,2.871219899278245,0.6470903181859691
2020-04-26 20:00:00,7683.867415083342,2.80268487399832,0.6398628040694914
2020-04-27 20:00:00,7774.281554448049,2.76576475772746,0.5683154806973284
2020-04-28 20:00:00,7758.230255185947,2.8012730985194927,0.6574283212299112
2020-04-29 20:00:00,8744.430287016561,2.929493322965155,0.7411890135877649
2020-04-30 20:00:00,8610.63580374089,2.7282005836077876,0.693089721323073
2020-05-01 20:00:00,8824.818413551968,2.829365913494568,0.7169539321663891
2020-05-02 20:00:00,8966.307014689282,2.870845776643251,0.7124378933182761
2020-05-03 20:00:00,8888.671912686868,2.775655037738356,0.6866098174679662
2020-05-04 20:00:00,8884.407813577056,2.7594713306365364,0.6728297405546847
2020-05-05 20:00:00,9003.240557621584,2.70236270995127,0.6503081490988862
2020-05-06 20:00:00,9144.68703972007,2.6438034042116128,0.6194003582280405
2020-05-07 20:00:00,9959.166416261767,2.723267898295407,0.6089398899298076
2020-05-08 20:00:00,9821.81131529702,2.80779908260449,0.608939662026112
2020-05-09 20:00:00,9566.777187205966,2.753669398843995,0.6017917957668725
2020-05-10 20:00:00,8752.617087745832,2.5157553964247916,0.541777928609612
2020-05-11 20:00:00,8604.75159101983,2.3850199086198867,0.5139234956267317
2020-05-12 20:00:00,8788.466749414652,2.483506430450031,0.5333426539131136
2020-05-13 20:00:00,9283.08601265873,2.5464360977259886,0.5533191018747785
2020-05-14 20:00:00,9796.494527024528,2.520383862299093,0.574281421724847
2020-05-15 20:00:00,9309.29535940684,2.467019649664657,0.5564341957677822
2020-05-16 20:00:00,9375.29710843331,2.5556101116515926,0.5989661106774994
2020-05-17 20:00:00,9666.32719340344,2.5381327289381845,0.6159337448626931
2020-05-18 20:00:00,9708.439858793108,2.592782411046848,0.6477344448774962
2020-05-19 20:00:00,9760.198937162193,2.6076771231351565,0.6219357513498963
2020-05-20 20:00:00,9526.50759300584,2.7032876695038954,0.5795859352817158
2020-05-21 20:00:00,9059.962506871727,2.5100288231052788,0.6055660983994974
2020-05-22 20:00:00,9131.767275081993,2.597443993895052,0.6149832258209792
2020-05-23 20:00:00,9170.361063506127,2.5906900014402416,0.6082201706733519
2020-05-24 20:00:00,8731.848525870651,2.4956210075858563,0.5465741722754689
2020-05-25 20:00:00,8883.691769863415,2.6134302380443475,0.6022304108336682
2020-05-26 20:00:00,8839.130663273247,2.5811242933243266,0.5731399463825178
2020-05-27 20:00:00,9174.118563996424,2.5999494954180657,0.5884004926151261
2020-05-28 20:00:00,9546.04563503715,2.6645082911828646,0.5721700884660958
2020-05-29 20:00:00,9427.120373393418,2.6740842807893035,0.5774323126967125
2020-05-30 20:00:00,9662.70587254818,2.820472875330498,0.5858132380721703
2020-05-31 20:00:00,9466.961781429516,2.7400800304692434,0.5756770028863081
2020-06-01 20:00:00,10167.93069332851,2.855637924238037,0.5789755237865244
2020-06-02 20:00:00,9515.243858655718,2.7574492953594794,0.565814320391003
2020-06-03 20:00:00,9645.227869360308,2.8994751110740657,0.586205470714686
2020-06-04 20:00:00,9776.20299178848,3.075357395963259,0.5867553687536804
2020-06-05 20:00:00,9636.965527050057,3.087986459187078,0.6569611049457513
2020-06-06 20:00:00,9662.858709002241,3.067054634550949,0.6254174646400334
2020-06-07 20:00:00,9738.603356828593,3.0201548853883633,0.6193745553415636
2020-06-08 20:00:00,9773.02951309516,3.1469109081450224,0.6676807419152483
2020-06-09 20:00:00,9767.00531665552,3.1161295221056733,0.6554185232956307
2020-06-10 20:00:00,9874.898681832236,3.113217907807041,0.6503617499580121
2020-06-11 20:00:00,9325.996856202635,2.7700954719444946,0.5719983046317773
2020-06-12 20:00:00,9469.533297509908,2.861570301186327,0.5933564822995189
2020-06-13 20:00:00,9469.473456163696,2.873287795392031,0.6088102028493066
2020-06-14 20:00:00,9345.960907722063,2.7581963591005816,0.586183105523133
2020-06-15 20:00:00,9431.719262201745,2.708458743361052,0.5703312716454458
2020-06-16 20:00:00,9524.92661691022,2.723378612161181,0.5850988389924333
2020-06-17 20:00:00,9463.361414311787,2.703986818674321,0.5818481709972113
2020-06-18 20:00:00,9399.767217129216,2.6494131679317716,0.6199980008389199
2020-06-19 20:00:00,9312.780104497786,2.6024858474881905,0.6860916859440122
2020-06-20 20:00:00,9360.247968201687,2.621796211871006,0.6445979846649201
2020-06-21 20:00:00,9298.360829121417,2.5998353468343334,0.6727477930583199
2020-06-22 20:00:00,9678.683208975835,2.6913589791427985,0.7271729644769215
2020-06-23 20:00:00,9624.684291831398,2.763624528949818,0.7067336276588002
2020-06-24 20:00:00,9288.061774486938,2.677317724658099,0.7362452622406327
2020-06-25 20:00:00,9258.667161007706,2.6226531379478875,0.7126894105564204
2020-06-26 20:00:00,9166.486360416233,2.622575344738205,0.7407208653820945
2020-06-27 20:00:00,9013.90556467614,2.428831344553895,0.7133553688193407
2020-06-28 20:00:00,9139.903276297824,2.510540021207384,0.7987604659546775
2020-06-29 20:00:00,9185.166540651147,2.645487392013858,0.8531268842862817
2020-06-30 20:00:00,9149.721996758017,2.5966333418812506,0.8592955544373364
2020-07-01 20:00:00,9230.672998590804,2.660392546095495,0.8324592358815799
2020-07-02 20:00:00,9094.318072166905,2.6595019853196193,0.7746114788082067
2020-07-03 20:00:00,9071.3850427828,2.687854490657985,0.7674704652113047
2020-07-04 20:00:00,9132.908369533492,2.768713040552592,0.7811871083546776
2020-07-05 20:00:00,9087.407312582163,2.9207295453257593,0.6921876621707542
2020-07-06 20:00:00,9342.376492626678,3.0167738958928947,0.708409297313418
2020-07-07 20:00:00,9253.630980242333,3.211976540056396,0.7534772552866666
2020-07-08 20:00:00,9432.172515827939,3.5523587944561466,0.7956141684819489
2020-07-09 20:00:00,9235.716302064242,3.7797779204742077,0.8504783390765865
2020-07-10 20:00:00,9282.913638839902,4.066613960627813,0.9136373735709605
2020-07-11 20:00:00,9234.314674712627,3.9346764082251022,0.9215341890095095
2020-07-12 20:00:00,9297.479635872663,4.017786703656249,1.0175269375576679
2020-07-13 20:00:00,9240.76251972468,3.876939521438514,1.1787532874584385
2020-07-14 20:00:00,9247.060695963813,3.9544722656000086,1.1483561946452148
2020-07-15 20:00:00,9203.371435179699,4.043584018015969,1.2935475055510521
2020-07-16 20:00:00,9136.483376363976,4.058263490610021,0.8689184704805727
2020-07-17 20:00:00,9156.276583115488,4.138080211884812,0.9818241501710889
2020-07-18 20:00:00,9168.402736564132,4.372712420195288,0.9673182706042267
2020-07-19 20:00:00,9202.615839500108,4.190709159862818,0.9224383437804942
2020-07-20 20:00:00,9163.159654576915,3.880842632691582,0.8730589788162091
2020-07-21 20:00:00,9384.379751903267,4.004905339878008,0.9763920314535465
2020-07-22 20:00:00,9514.304987626969,4.007637175044355,1.0447246666635182
2020-07-23 20:00:00,9589.81771944117,3.9508595472495522,1.055806292137335
2020-07-24 20:00:00,9535.93879573746,3.8113953415035384,0.996204458635239
2020-07-25 20:00:00,9691.825138917147,3.9079970497184626,1.250866425449966
2020-07-26 20:00:00,9925.751397476346,3.801976885324603,1.597026052950196
2020-07-27 20:00:00,10962.258481207355,3.5966674698676697,1.7769558120449132
2020-07-28 20:00:00,10904.916526918994,3.7467733246572736,1.7839631352797094
2020-07-29 20:00:00,11093.612240442404,3.6312557741113967,1.6571919291258759
2020-07-30 20:00:00,11116.307163685275,3.7271676423070534,1.688418732306239
2020-07-31 20:00:00,11325.5515272739,3.7955148816175313,1.538097031663773
2020-08-01 20:00:00,11812.094307268515,4.084184851107092,1.5331373954293075
2020-08-02 20:00:00,11066.306240590267,3.881930339787207,1.7460156741727715
2020-08-03 20:00:00,11230.907762749297,3.846957926503175,1.8003636805602121
2020-08-04 20:00:00,11181.917508034885,4.000007620251127,1.897307254698148
2020-08-05 20:00:00,11719.26352395155,4.1622190571378095,1.7611833194175444
2020-08-06 20:00:00,11768.127742240009,4.187906209482348,2.2019224919095755
2020-08-07 20:00:00,11571.487980683192,4.010042685627311,2.073120413084232
2020-08-08 20:00:00,11739.131006414418,4.414955151430974,2.473401784088845
2020-08-09 20:00:00,11682.851469154939,5.259324595405031,2.659002831147767
2020-08-10 20:00:00,11862.938012702563,5.422001409432881,3.135883738986437
2020-08-11 20:00:00,11398.671060896633,4.916134319737038,3.264869117899598
2020-08-12 20:00:00,11579.867951602135,5.966474129079834,3.7413879301300477
2020-08-13 20:00:00,11817.164038803397,6.024396995356216,3.733675412574768
2020-08-14 20:00:00,11777.391322489924,6.097506309289474,3.417497219987532
2020-08-15 20:00:00,11864.905810156475,6.0944165553883085,3.173195437376957
2020-08-16 20:00:00,11901.776488302461,6.209682362846288,3.3852267282077353
2020-08-17 20:00:00,12272.465808160425,5.91156809604445,3.103088944314995
2020-08-18 20:00:00,11949.610970628193,5.800620944305702,3.331062075226566
2020-08-19 20:00:00,11733.278970862082,5.674703539774659,2.8961310680437595
2020-08-20 20:00:00,11861.83657727968,6.28773874825818,3.2065025821939535
2020-08-21 20:00:00,11515.124298729217,5.605110886616306,2.9331894135899335
2020-08-22 20:00:00,11676.385305081287,6.451114599924576,3.0217655955968654
2020-08-23 20:00:00,11647.928120934363,8.466918475831358,3.3299340513884106
2020-08-24 20:00:00,11758.828120368864,8.144017617444595,3.3397770443341135
2020-08-25 20:00:00,11350.753473213,8.404247653671781,3.2612416074765753
2020-08-26 20:00:00,11465.002564032086,7.71570987730703,3.5510669414297205
2020-08-27 20:00:00,11300.398363810944,7.255626341736423,3.430616121799528
2020-08-28 20:00:00,11519.118388160729,7.5715702451563605,4.011416157428157
2020-08-29 20:00:00,11481.481823317012,7.285038159454287,3.972282229488827
2020-08-30 20:00:00,11701.004008657852,7.632812148220818,4.436663533464179
2020-08-31 20:00:00,11672.324104943627,7.262357993671164,4.7944618494720785
2020-09-01 20:00:00,11895.225345345636,7.200707884681863,4.304353616338777
2020-09-02 20:00:00,11418.254756916149,6.654594948788346,4.176224469342381
2020-09-03 20:00:00,10197.459822768922,4.948208604238474,3.5139711518755092
2020-09-04 20:00:00,10484.470392265588,5.497519278999506,3.5407174542293283
2020-09-05 20:00:00,10177.789718049991,4.91165325638954,2.5951717114056416
2020-09-06 20:00:00,10260.0177277544,5.188742161905485,3.087153751704757
2020-09-07 20:00:00,10359.445216989981,5.038472478909613,2.906438017628754
2020-09-08 20:00:00,10125.014956069688,4.945210770006631,2.4742806348861026
2020-09-09 20:00:00,10230.154699360752,5.3262448907763815,3.6343703512897685
2020-09-10 20:00:00,10342.159391205681,5.326584055292699,3.453090001140051
2020-09-11 20:00:00,10378.223044584596,5.3358892007825105,3.4462085226704344
2020-09-12 20:00:00,10439.38467226404,5.598246640908471,3.3326620873211703
2020-09-13 20:00:00,10328.866065987393,5.264414433687349,3.22479831179511
2020-09-14 20:00:00,10661.096235144483,5.407956102755766,3.2623912097330243
2020-09-15 20:00:00,10787.58020807624,4.874155917376524,2.931693208266334
2020-09-16 20:00:00,10952.249969107099,5.1488092293301,2.5494654060917625
2020-09-17 20:00:00,10937.996396960929,5.057111378715239,2.919199303305689
2020-09-18 20:00:00,10927.150310293275,4.964643914575372,3.084079827098842
2020-09-19 20:00:00,11083.99836119821,4.9362069725470406,3.0147288973338715
2020-09-20 20:00:00,10923.32666818137,4.667282487402415,2.8679582577061704
2020-09-21 20:00:00,10439.522488792423,4.104058869932353,2.77366022930038
2020-09-22 20:00:00,10527.58784673943,4.21020863515192,2.9402155138255073
2020-09-23 20:00:00,10223.784106392732,3.8591658027208426,2.8355005874806776
2020-09-24 20:00:00,10726.530083321983,4.46932539442739,3.130126407105003
2020-09-25 20:00:00,10681.993848113701,4.780944733376834,3.191006049537429
2020-09-26 20:00:00,10743.19287975935,4.602389891987967,3.1351452155696546
2020-09-27 20:00:00,10765.300521660893,4.717668682413769,3.1659948849500643
2020-09-28 20:00:00,10672.02854425897,4.827954370488682,2.9557751507195418
2020-09-29 20:00:00,10837.516586513004,5.270804888432055,2.945119038534579
2020-09-30 20:00:00,10770.881347466415,5.360154834857025,2.895851723928607
2020-10-01 20:00:00,10627.976063963179,5.134419511386971,2.866125781133827
2020-10-02 20:00:00,10572.674843011133,4.9036981115369915,2.6289039111067782
2020-10-03 20:00:00,10546.65625537982,5.016915866081624,2.5536378078057957
2020-10-04 20:00:00,10670.700811335208,5.3170291026029375,2.522557078453714
2020-10-05 20:00:00,10784.94940309411,5.362318784346142,2.652751429083878
2020-10-06 20:00:00,10605.95779130622,4.744653316224609,2.174595988147619
2020-10-07 20:00:00,10668.011010796896,4.871880655606843,2.290102499091077
2020-10-08 20:00:00,10888.666546835811,5.05110187439021,2.3626573108302025
2020-10-09 20:00:00,11063.2523862591,5.165234703604899,2.539492735094531
2020-10-10 20:00:00,11286.541942043945,5.51781217298289,2.4055686376579755
2020-10-11 20:00:00,11377.814876756858,6.069327171681734,2.418105545958514
2020-10-12 20:00:00,11543.183760771468,5.984679080576134,2.5835814456344366
2020-10-13 20:00:00,11426.105544220427,6.011573431971666,2.402275768916289
2020-10-14 20:00:00,11435.57243757972,5.748549689298225,2.3191536796804995
2020-10-15 20:00:00,11495.584995733887,5.746713785796683,2.268549825333015
2020-10-16 20:00:00,11319.097785677623,5.4114492729286905,2.1410969900561
2020-10-17 20:00:00,11365.814131026178,5.4680435327611905,2.2035632012257804
2020-10-18 20:00:00,11495.899975689872,5.763025562234492,2.2119210242084533
2020-10-19 20:00:00,11752.146863919786,5.505448971264868,2.056854398926332
2020-10-20 20:00:00,11908.708923246453,5.035540455804686,1.8858859870466809
2020-10-21 20:00:00,12806.435726727443,5.232906502078655,1.8809689528028195
2020-10-22 20:00:00,12951.044060038126,5.41604699204356,1.9538868465951076
2020-10-23 20:00:00,12928.072296348406,5.346871341274191,1.9571745339461706
2020-10-24 20:00:00,13106.04601925958,5.539919602362892,1.9125348373534423
2020-10-25 20:00:00,13021.410842124118,5.302331660332057,1.7910124551194946
2020-10-26 20:00:00,13060.79221208406,5.144314053589588,1.6848007548575634
2020-10-27 20:00:00,13655.185415883081,5.141198093519055,1.7159415073624318
2020-10-28 20:00:00,13282.999348292438,4.7961508465087865,1.5185434311695507
2020-10-29 20:00:00,13441.878496031612,4.626591651290841,1.4288466908519226
2020-10-30 20:00:00,13537.174271524887,4.62669555310133,1.4406457973488311
2020-10-31 20:00:00,13778.637638352931,4.598148926248597,1.5355514530581402
2020-11-01 19:00:00,13720.361465146289,4.734169007735623,1.600572441974701
2020-11-02 19:00:00,13558.361795524168,4.604922171985456,1.4752353298018694
2020-11-03 19:00:00,13989.976358180447,4.463162308018787,1.4126356428447633
2020-11-04 19:00:00,14101.716050813722,4.390757163670933,1.3933070455135532
2020-11-05 19:00:00,15553.331701081443,4.517789757459862,1.4057083583738634
2020-11-06 19:00:00,15548.312145063144,4.867243143609774,1.9259691495315499
2020-11-07 19:00:00,14818.45891122149,4.612330269448324,2.032391502844419
2020-11-08 19:00:00,15496.316149147417,4.808416341278322,2.155344889638131
2020-11-09 19:00:00,15335.342198178862,5.1472769711697985,2.0285116039511935
2020-11-10 19:00:00,15278.70965979927,5.083079033453266,2.252786688117921
2020-11-11 19:00:00,15686.905986213233,5.031714936646809,2.000194697094851
2020-11-12 19:00:00,16265.149252483357,5.0424521896242736,1.896790484098796
2020-11-13 19:00:00,16326.81487507908,5.211560129238589,2.017595353872823
2020-11-14 19:00:00,16095.561510630652,5.045263002157911,1.9198208087780548
2020-11-15 19:00:00,15984.673784156614,4.9885306282661865,2.0406791308120753
2020-11-16 19:00:00,16714.40386322188,5.08576564561689,2.2623589978442378
2020-11-17 19:00:00,17651.82042768171,5.291463118327302,2.197190778740227
2020-11-18 19:00:00,17829.934958345126,5.108092834149489,2.117886192370405
2020-11-19 19:00:00,17819.75743096837,5.09017882699742,2.070684202084601
2020-11-20 19:00:00,18628.813489036198,5.2726154772816844,2.099258903106589
2020-11-21 19:00:00,18689.528655825852,5.9027006771207216,2.381429683264949
2020-11-22 19:00:00,18390.61184379203,5.4665733170382325,2.151813535476351
2020-11-23 19:00:00,18360.693300385865,5.789096385879374,2.273388487038822
2020-11-24 19:00:00,19091.524181728702,5.919299120105595,2.2599141412129526
2020-11-25 19:00:00,18753.288921684914,5.94444172964406,2.2646129983306857
2020-11-26 19:00:00,17138.029512395206,5.32479993698823,1.9019050448221404
2020-11-27 19:00:00,17140.27555252362,5.358591623892802,1.8592629872719064
2020-11-28 19:00:00,17718.972832629497,5.435869054340263,1.8903759559939506
2020-11-29 19:00:00,18169.95420978285,5.417740909949374,1.9133429784467306
2020-11-30 19:00:00,19609.52143957559,5.548419933677368,1.9652469851002097
2020-12-01 19:00:00,18857.417371118165,5.2778033370020685,1.9821155844306726
2020-12-02 19:00:00,19208.398191994624,5.518775637208894,2.1173819608613713
2020-12-03 19:00:00,19435.20484740911,5.507267290130525,2.0967513186152114
2020-12-04 19:00:00,18711.226549886927,5.070972931823404,1.858485553374542
2020-12-05 19:00:00,19139.111575237486,5.248480293205051,1.9786603345404
2020-12-06 19:00:00,19325.55411859109,5.2025242143067345,1.851301551500301
2020-12-07 19:00:00,19198.806493935343,5.102278577657633,1.8306335885715757
2020-12-08 19:00:00,18336.514581297808,4.729897032846519,1.6703686172523906
2020-12-09 19:00:00,18564.986455688137,4.799490829076566,1.664937350328642
2020-12-10 19:00:00,18262.058384653155,4.66495010501346,1.5765078909674242
2020-12-11 19:00:00,18058.027339569555,4.711288329284222,1.4496692801969542
2020-12-12 19:00:00,18807.09540322016,5.067045159201653,1.4908497129487033
2020-12-13 19:00:00,19151.13442340493,5.183790513286639,1.5665711036119
2020-12-14 19:00:00,19259.97047153096,5.223894456812801,1.5904572145316247
2020-12-15 19:00:00,19432.362456862407,5.312275511493894,1.7529676467046862
2020-12-16 19:00:00,21317.66213678684,5.486716942310322,1.779209478837656
2020-12-17 19:00:00,22805.65580598891,5.361545133037227,1.677764317256101
2020-12-18 19:00:00,23120.57055156752,5.3466740426825945,1.6997785608559872
2020-12-19 19:00:00,23863.85484171969,5.294691777700781,1.6683085585940913
2020-12-20 19:00:00,23518.31842054723,5.027213312819282,1.5633483514359
2020-12-21 19:00:00,22840.991707188354,5.051846904334309,1.5434205371433634
2020-12-22 19:00:00,23794.79330262859,4.957461975168139,1.4928837701687971
2020-12-23 19:00:00,23308.12723217715,4.413825832991345,1.206243024482621
2020-12-24 19:00:00,23760.287048542956,4.954463893746349,1.3634590117032817
2020-12-25 19:00:00,24671.107714415415,4.906735538445911,1.4458848057739127
2020-12-26 19:00:00,26476.130137019492,4.787170660897007,1.3282607978532563
2020-12-27 19:00:00,26423.22879190229,4.833757085185352,1.3065401279822344
2020-12-28 19:00:00,27125.384120651503,5.321209359412949,1.5191282501080419
2020-12-29 19:00:00,27424.538954606684,5.637142614804118,1.6760685346336837
2020-12-30 19:00:00,28837.28852895899,5.446063827611342,1.5378390877377932
2020-12-31 19:00:00,29022.41839530417,6.456155888923529,1.5158074963117758
2021-01-01 19:00:00,29352.12679194895,5.8722126482128845,1.8411408764785613
2021-01-02 19:00:00,32163.824935335215,5.418419854780378,1.802628913180411
2021-01-03 19:00:00,33008.226203489285,5.805859307755104,2.14770799035378
2021-01-04 19:00:00,31515.575966658354,5.849315153415683,2.4217846067950366
2021-01-05 19:00:00,34082.20604904424,6.223298928537338,2.1618689571522256
2021-01-06 19:00:00,36933.520137309126,6.736810297044329,1.9231854639663055
2021-01-07 19:00:00,39547.08408135567,6.275750203414635,2.3674092848829695
2021-01-08 19:00:00,40815.96185478254,5.953791442582491,3.2344821232005927
2021-01-09 19:00:00,40296.5290038294,6.60421795665234,3.3885883690214627
2021-01-10 19:00:00,38397.895985418174,6.456502142546766,3.4737322317991124
2021-01-11 19:00:00,35669.90668663349,5.719331439346791,3.1076274895234994
2021-01-12 19:00:00,33938.33587810088,5.7037182022816175,3.58676467736862
2021-01-13 19:00:00,37456.00772548642,6.2572767114517385,3.520762208941768
2021-01-14 19:00:00,39232.74997140346,6.4334237681591855,3.2781934892090505
2021-01-15 19:00:00,36787.52121668496,7.963016989367982,3.2557793953909067
2021-01-16 19:00:00,36254.713079410845,9.05712539865608,3.451865500376336
2021-01-17 19:00:00,35804.263885674685,8.544990570959136,3.81598415593309
2021-01-18 19:00:00,36595.4647692826,9.470579750222772,3.7751466399459668
2021-01-19 19:00:00,36104.86385775514,8.958723392737584,3.641431311969665
2021-01-20 19:00:00,35587.489202735545,8.87161373342692,3.729115837327082
2021-01-21 19:00:00,30913.695736053804,7.18722197161212,2.9988114745903562
2021-01-22 19:00:00,32957.908782655926,8.04942752386304,3.341360079142882
2021-01-23 19:00:00,32068.08737440817,8.334086248300263,3.5015683031312848
2021-01-24 19:00:00,32273.51735032927,8.21729393217983,3.63170707484897
2021-01-25 19:00:00,32375.320062981456,7.8053841268805435,3.7139996330041947
2021-01-26 19:00:00,32582.10944502123,7.7171447499946275,4.032884053809296
2021-01-27 19:00:00,30445.52586511351,6.972074319525064,3.699511535159664
2021-01-28 19:00:00,33128.34752861149,8.097813501315333,3.817402068465168
2021-01-29 19:00:00,34150.81876737221,7.987134975150505,3.8643485930849732
2021-01-30 19:00:00,34199.51981036302,8.009867845568664,4.233485772671465
2021-01-31 19:00:00,33064.78676701507,8.12794314017588,4.263968588843047
2021-02-01 19:00:00,33405.99035714327,9.189049979857533,4.594574802707021
2021-02-02 19:00:00,35485.98593382442,8.900148313412927,5.257321084771443
2021-02-03 19:00:00,37494.71762460426,9.22324812610178,5.721470793794539
2021-02-04 19:00:00,36816.50808203406,9.180319805463851,6.41624673360909
2021-02-05 19:00:00,38007.83222908396,12.170545136406906,6.706647732382283
2021-02-06 19:00:00,39279.41286897885,12.083055583253856,6.117657911972685
2021-02-07 19:00:00,38833.34026455532,13.786170159282849,6.657339688114339
2021-02-08 19:00:00,46307.57412159395,14.33320866450471,7.908749783879188
2021-02-09 19:00:00,46569.56483,15.076049250657647,7.84013833144138
2021-02-10 19:00:00,44848.69344950499,14.89622285385039,9.021720125352658
2021-02-11 19:00:00,47815.96175554316,17.77399497827378,9.200179305161805
2021-02-12 19:00:00,47414.1862550079,21.14101775067357,9.228804888243197
2021-02-13 19:00:00,46941.29208582354,20.18869688396907,8.713969623823095
2021-02-14 19:00:00,48607.8745224845,19.178633500883183,8.727632198363525
2021-02-15 19:00:00,47898.487027633135,22.368522517721654,8.847305421008814
2021-02-16 19:00:00,49238.13690672487,25.125151819281562,8.30280602969779
2021-02-17 19:00:00,52143.6788446198,23.877405833636036,8.231931006463842
2021-02-18 19:00:00,51733.075539032034,23.11905026330649,9.01266263252076
2021-02-19 19:00:00,56038.72775892988,22.859627999711083,11.440869401894185
2021-02-20 19:00:00,56377.63347790987,21.80761069394844,10.044733825464117
2021-02-21 19:00:00,57669.3035269179,21.671784245400495,11.113402936910099
2021-02-22 19:00:00,54410.85629451601,21.26830921676902,14.423730533387301
2021-02-23 19:00:00,48691.894831704405,20.193504581943586,15.15827794507358
2021-02-24 19:00:00,49849.378713583144,19.59427590624494,17.471803640467495
2021-02-25 19:00:00,46992.665450048495,17.70089134452898,13.811009065584933
2021-02-26 19:00:00,46551.48747675472,18.83632325074485,13.668935958977311
2021-02-27 19:00:00,46653.52639939581,19.355633349039305,13.310965118755187
2021-02-28 19:00:00,44970.163459946736,17.649929199843235,13.030769065831386
2021-03-01 19:00:00,49787.33995949672,18.672048025373833,15.030085685643074
2021-03-02 19:00:00,48532.23678981703,18.901338445307708,14.010086254280449
2021-03-03 19:00:00,50577.45746915202,21.722386314377967,14.131003508942642
2021-03-04 19:00:00,48727.45120080115,18.975222901028584,13.115024093723461
2021-03-05 19:00:00,49091.81488232977,18.7338417927507,12.63107017877297
2021-03-06 19:00:00,49019.36859236582,18.935613414511113,13.068095512982284
2021-03-07 19:00:00,51313.09262027362,19.50316592139768,13.917187045269639
2021-03-08 19:00:00,52328.5359126325,19.366422760425532,13.640225836910282
2021-03-09 19:00:00,54700.273439277444,21.122772327658804,14.866607085296575
2021-03-10 19:00:00,56020.4877195857,19.599751678267317,14.233539653620891
2021-03-11 19:00:00,57788.86810329514,19.129267333852294,15.976571418630938
2021-03-12 19:00:00,57353.86147197248,18.41284596219948,14.598623129754035
2021-03-13 19:00:00,61315.197932766816,19.38557463881717,15.318478663846857
2021-03-14 20:00:00,59428.967566027764,18.670400130801642,14.567314052136112
2021-03-15 20:00:00,55805.32924923426,20.067493625963714,14.163365885178607
2021-03-16 20:00:00,56830.253335076224,21.083847107201933,13.689313740219452
2021-03-17 20:00:00,59014.92563205099,21.018598035492,14.277756264275158
2021-03-18 20:00:00,57922.40959262911,22.310514010911575,14.26867567597296
2021-03-19 20:00:00,58243.27060892363,22.26311909310373,14.182866696542028
2021-03-20 20:00:00,58376.15847137206,21.138843223962315,14.275804030345455
2021-03-21 20:00:00,57573.539344778685,20.576788579624132,14.306229754951788
2021-03-22 20:00:00,54370.137557895185,19.37474916430244,14.870337482227853
2021-03-23 20:00:00,54584.86994699455,18.81444541580164,14.194567786228824
2021-03-24 20:00:00,52526.86659704657,17.558524639256678,13.60393816401807
2021-03-25 20:00:00,51416.908304980054,17.09478556987532,12.964522758314372
2021-03-26 20:00:00,55033.100480447036,18.979792841686855,14.749054072098563
2021-03-27 20:00:00,55832.418109618324,18.696976640637004,16.56643725364522
2021-03-28 20:00:00,55728.10132780653,19.30710439543926,18.008069673329885
2021-03-29 20:00:00,57634.92869447539,20.205403553882803,18.884890865843666
2021-03-30 20:00:00,58668.628336761,19.84757898112101,19.175755751876615
2021-03-31 20:00:00,58817.3738884188,19.0539225626015,19.48663194355817
2021-04-01 20:00:00,58801.194843878126,19.49203515505167,19.05545051591954
2021-04-02 20:00:00,59060.02678333801,20.182278547152915,19.73831924627352
2021-04-03 20:00:00,57060.40665471088,20.129287671236835,22.598963045163597
2021-04-04 20:00:00,58228.802623466196,21.61157808160742,24.02282911560326
2021-04-05 20:00:00,58706.81559311396,21.396994385199115,22.942985835974703
2021-04-06 20:00:00,58062.17872433649,21.693863770371248,24.989549183579577
2021-04-07 20:00:00,56134.41738866435,19.628379921048335,26.674732954277772
2021-04-08 20:00:00,58065.644024815316,20.52087737083074,27.00514637240972
2021-04-09 20:00:00,58152.993262141834,21.379199297798976,27.784698122914115
2021-04-10 20:00:00,59979.39281571831,21.09606716549631,26.833966062021243
2021-04-11 20:00:00,59988.02095852983,23.2945561442923,27.817769827309405
2021-04-12 20:00:00,59911.020594847316,22.12109648220006,28.523980512399998
2021-04-13 20:00:00,63576.676041048275,24.11622884080136,27.569507268014537
2021-04-14 20:00:00,62807.12323259299,26.62631242077319,26.451516360520532
2021-04-15 20:00:00,63179.772446084695,27.735398967356,27.82949194313198
2021-04-16 20:00:00,61497.299569441195,25.535475684306984,25.280265043287386
2021-04-17 20:00:00,60273.86667694734,24.541026683219695,25.01097915337799
2021-04-18 20:00:00,56288.94534001195,21.43255910523884,32.43000666656829
2021-04-19 20:00:00,55721.166052695626,19.236729044647287,31.72514830005086
2021-04-20 20:00:00,56294.728558586925,21.210681560634853,31.687792724714733
2021-04-21 20:00:00,54190.07026283405,19.779673939082056,32.31362189326206
2021-04-22 20:00:00,51965.5664304852,18.974931207249785,39.04180159309067
2021-04-23 20:00:00,51191.1246964079,20.494796081794306,37.066889704359156
2021-04-24 20:00:00,50133.1073963654,18.422882311348996,40.74492271990316
2021-04-25 20:00:00,48981.4413932161,18.560301803396484,47.66158942345178
2021-04-26 20:00:00,53978.80554728962,22.105823763334634,44.4964806617465
2021-04-27 20:00:00,54991.81484262107,22.965514684082844,43.21796539788754
2021-04-28 20:00:00,54810.6138506792,22.968376391690573,45.039620110247284
2021-04-29 20:00:00,53596.70402266675,22.053458001744914,42.5819452001649
2021-04-30 20:00:00,57828.511814425874,22.7795884012744,42.995296352215185
2021-05-01 20:00:00,57812.96915967891,23.77256544405646,49.663394135648275
2021-05-02 20:00:00,56600.74528738432,23.07431181476559,46.93452854649153
2021-05-03 20:00:00,57200.30029871162,23.040004694354273,46.08780894588962
2021-05-04 20:00:00,53464.37021950372,21.074836771913724,42.70189409565587
2021-05-05 20:00:00,57432.100227087576,24.73895598891405,44.893093488124
2021-05-06 20:00:00,56507.759439869595,25.485495061752744,43.43782697098598
2021-05-07 20:00:00,57361.56904328887,28.5538430724954,43.072134333542394
2021-05-08 20:00:00,58771.881689509355,29.356006937142066,45.68567329638394
2021-05-09 20:00:00,58213.926293744385,28.687656093378273,44.35912616018185
2021-05-10 20:00:00,55901.66759456145,25.439133406272077,42.96048600238864
2021-05-11 20:00:00,56928.97235660158,27.012899318219873,44.72439581889054
2021-05-12 20:00:00,50004.76218313686,23.229675298420972,43.62157836926913
2021-05-13 20:00:00,49972.795398372444,23.371162825812597,41.109968983538224
2021-05-14 20:00:00,49913.26314398822,25.652975986668643,42.87180002955891
2021-05-15 20:00:00,46780.902304688214,24.62392145144141,43.46242757015506
2021-05-16 20:00:00,46585.06413538846,24.373998931641303,47.17666783643097
2021-05-17 20:00:00,43780.82559782485,20.997528563227153,46.861759616729216
2021-05-18 20:00:00,43091.04144756922,22.99741014389802,56.202009029292114
2021-05-19 20:00:00,37287.39140242737,14.083117871647202,35.758844160586776
2021-05-20 20:00:00,40437.73009625558,16.350326548133918,44.52570262534382
2021-05-21 20:00:00,37339.63420134628,13.30329993062348,38.43160144697336
2021-05-22 20:00:00,37520.31767547438,12.336315191442432,31.614601894528402
2021-05-23 20:00:00,34977.527801962424,11.871411675092848,24.76763979126399
2021-05-24 20:00:00,38642.4422973396,14.31774929013702,30.98546737051786
2021-05-25 20:00:00,38210.80521759389,13.889623630068996,30.00644952590393
2021-05-26 20:00:00,39406.934244116186,15.143508321740502,35.65025364482327
2021-05-27 20:00:00,38642.89555434217,14.484000728561501,33.659342590355116
2021-05-28 20:00:00,35710.220936529884,12.755102738759017,29.021948393257702
2021-05-29 20:00:00,34775.07941347281,12.229071930759693,27.55720416292785
2021-05-30 20:00:00,35714.75202018067,12.525648669244388,28.562287426658674
2021-05-31 20:00:00,37340.6792659422,13.920352267044771,32.66212259787656
2021-06-01 20:00:00,36680.06820180283,13.73060670833664,30.985238146398338
2021-06-02 20:00:00,37685.71798174826,14.901919806088388,34.18804885530961
2021-06-03 20:00:00,39151.316183800314,16.606500427231467,39.70667545056023
2021-06-04 20:00:00,36938.72031139185,15.05807381624502,37.59916221822976
2021-06-05 20:00:00,35546.98596483364,14.915914495609627,39.340010888406205
2021-06-06 20:00:00,35834.4744744042,15.120116429867988,42.2598870528484
2021-06-07 20:00:00,33451.38340714534,13.377394334989548,38.19473236980912
2021-06-08 20:00:00,33557.15068309184,13.56808648545366,41.41714832962446
2021-06-09 20:00:00,37553.64375851888,13.989588737729592,42.07765252553618
2021-06-10 20:00:00,36903.304906778896,12.824259742824596,41.205960702125125
2021-06-11 20:00:00,37289.43252210222,11.813532973466879,36.09038097242029
2021-06-12 20:00:00,35666.14977877309,11.63022422057147,36.568375266883066
2021-06-13 20:00:00,39147.70567879997,12.579266623778347,38.820386099134
2021-06-14 20:00:00,40624.51305316154,13.292871325998368,39.64405780180996
2021-06-15 20:00:00,40378.20254971114,13.046832286919102,39.699499977153316
2021-06-16 20:00:00,38321.454656574206,13.259594112294822,39.54766089054998
2021-06-17 20:00:00,38193.619141943964,13.593814481435691,39.32721784794218
2021-06-18 20:00:00,35881.11137137543,12.478050085899268,36.624102572520556
2021-06-19 20:00:00,35581.64226773201,11.911410550212025,35.26048477919641
2021-06-20 20:00:00,35787.07740523232,12.011719588703164,35.284274899376165
2021-06-21 20:00:00,31711.935467727006,9.683957717807186,26.59538136949911
2021-06-22 20:00:00,32507.738707026845,8.918121897705955,26.729201466247304
2021-06-23 20:00:00,33702.61779371396,9.638009488468414,30.879003728161678
2021-06-24 20:00:00,34675.44910530336,10.310888157500553,31.44053281154812
2021-06-25 20:00:00,31943.136467863093,9.350326374337717,29.23725923358748
2021-06-26 20:00:00,32023.973901774916,9.465741510130886,29.374776218716168
2021-06-27 20:00:00,34607.293274083386,10.001176618911206,31.67466281145659
2021-06-28 20:00:00,34556.8421269449,10.89154726855281,33.114180869076236
2021-06-29 20:00:00,35968.993667970346,11.609672231868801,33.92293267730953
2021-06-30 20:00:00,35171.486304850056,12.032506362796449,35.83440251659123
2021-07-01 20:00:00,33677.566235922626,11.226299734254928,33.55617113324256
2021-07-02 20:00:00,33950.786555181,11.717782727035473,33.95890784245649
2021-07-03 20:00:00,34729.89077801021,11.796158673646879,34.46550620541941
2021-07-04 20:00:00,35394.213074080915,12.220889854921232,34.4488487549447
2021-07-05 20:00:00,33928.13421837147,13.592733429668197,33.120055451168234
2021-07-06 20:00:00,34149.98981477412,13.137723130026384,34.291237666647795
2021-07-07 20:00:00,33932.25463831538,12.929144387399768,36.657274540397
2021-07-08 20:00:00,32933.578199292395,12.033021363880904,33.51414390083529
2021-07-09 20:00:00,33971.297749757956,13.315208567327966,33.5318526308046
2021-07-10 20:00:00,33704.53847440508,14.433961079347455,31.939202343364617
2021-07-11 20:00:00,34299.938016517444,14.02750382086493,32.12329223606849
2021-07-12 20:00:00,33262.6543524462,13.06449674091347,30.95347402705691
2021-07-13 20:00:00,32676.38380096018,12.005114325332157,29.16206823389161
2021-07-14 20:00:00,32878.50187357147,11.70433887445096,31.23600101808439
2021-07-15 20:00:00,31726.038833909817,11.339139882323922,28.323537434952385
2021-07-16 20:00:00,31399.653128682126,11.226461783989722,26.26323282766065
2021-07-17 20:00:00,31588.6713510167,11.082312962162321,26.79168755465958
2021-07-18 20:00:00,31919.393922554555,11.052170591325718,26.893938948659173
2021-07-19 20:00:00,30928.211908849244,10.017648691336637,24.816200542365436
2021-07-20 20:00:00,29971.903783612062,9.472510385971665,23.858446096960066
2021-07-21 20:00:00,32383.78112696872,10.485530113811503,26.672396972929985
2021-07-22 20:00:00,32409.499767175417,11.358338522434737,27.762978035532324
2021-07-23 20:00:00,33455.55127272261,11.412881822006963,28.37606777419007
2021-07-24 20:00:00,34213.59993217662,11.520045056506708,28.590333033238007
2021-07-25 20:00:00,35456.124660766836,11.565444654994996,28.318817766435266
2021-07-26 20:00:00,37281.91809217662,11.382775396894251,28.096697946304417
2021-07-27 20:00:00,39076.59377063225,11.70188016776775,27.951131012641863
2021-07-28 20:00:00,40031.19824444798,11.577413158104347,27.871801252229435
2021-07-29 20:00:00,39977.75693922764,11.755971372180086,31.41657633388534
2021-07-30 20:00:00,41936.261478677225,12.216065383063258,32.252691819301624
2021-07-31 20:00:00,41754.16660435275,12.712404206694377,36.24876035531609
2021-08-01 20:00:00,39914.82975848789,12.310648889471498,34.17251166927062
2021-08-02 20:00:00,39278.766508103676,12.527917085047134,33.27511835038949
2021-08-03 20:00:00,38368.35401197897,12.159292247867239,34.3401202664068
2021-08-04 20:00:00,39751.58457509862,12.797567242383003,35.90548260385135
2021-08-05 20:00:00,40825.381940449704,12.996847068201792,37.47983512479931
2021-08-06 20:00:00,42802.13717474142,13.568904252233231,39.53990291552664
2021-08-07 20:00:00,44647.57760300116,14.002243703887075,39.38262634342374
2021-08-08 20:00:00,43753.217862646314,13.129581779666921,37.66581962149719
2021-08-09 20:00:00,46311.00189857689,13.61751604480496,38.76250121094557
2021-08-10 20:00:00,45639.51401890709,14.070378129211155,40.66298980944724
2021-08-11 20:00:00,45652.06012506926,14.575630236231728,41.79949265382151
2021-08-12 20:00:00,44495.20979327958,14.033410781993673,41.19014957214054
2021-08-13 20:00:00,47717.27052766495,15.234263167038538,44.69284014294085
2021-08-14 20:00:00,47088.85313451467,15.448741620585867,44.06280236603161
2021-08-15 20:00:00,47025.00323011282,15.735914964221948,53.67834815759493
2021-08-16 20:00:00,46031.75754362583,15.8390498656663,62.27708029189766
2021-08-17 20:00:00,44534.454854219905,16.025198528819494,64.30343710651606
2021-08-18 20:00:00,45015.46554608543,18.323762044402923,74.0048019564342
2021-08-19 20:00:00,46745.03462296988,18.84642429042633,73.04851676946942
2021-08-20 20:00:00,49195.87860189616,18.92587788085855,78.44870433277
2021-08-21 20:00:00,48933.689151311635,22.276673002230435,74.21792558317044
2021-08-22 20:00:00,49250.54486971799,21.794418752760954,73.12559205921369
2021-08-23 20:00:00,49518.57748790696,21.838889150719133,75.97033641124439
2021-08-24 20:00:00,47940.6079149608,19.83032121274469,71.21280823557079
2021-08-25 20:00:00,49002.70376627545,20.0591318867293,71.5109402153286
2021-08-26 20:00:00,47229.070650876114,18.27044146405519,76.11361963601048
2021-08-27 20:00:00,49083.10330586219,20.36345816964876,87.96820731391372
2021-08-28 20:00:00,48936.537254142204,21.267009880022375,97.06666833226845
2021-08-29 20:00:00,48907.27073106221,21.413111527737048,94.00977412300858
2021-08-30 20:00:00,47124.25422469402,21.951109366284527,109.6467328393857
2021-08-31 20:00:00,47335.42029920565,23.006582128947088,108.70637640163673
2021-09-01 20:00:00,48823.05520964915,25.097000527000024,110.81781609465583
2021-09-02 20:00:00,49338.78465183332,24.254315694496068,128.67418646306453
2021-09-03 20:00:00,49934.5282762881,24.115834641922184,146.35759448244343
2021-09-04 20:00:00,50013.02994694588,24.46243063394935,139.59408991633026
2021-09-05 20:00:00,51696.206431317885,25.72912436839265,142.13561416692806
2021-09-06 20:00:00,52739.800166345514,25.257983135995016,164.56092375980077
2021-09-07 20:00:00,46995.16417095979,21.021374632516647,173.31109531018657
2021-09-08 20:00:00,46085.02861578186,20.444984989510086,189.3444533132092
2021-09-09 20:00:00,46518.94118660236,26.936238719762976,188.2759415810392
2021-09-10 20:00:00,44802.60640249699,29.443036283129377,178.31957000068277
2021-09-11 20:00:00,45196.488277558245,27.16741508701987,177.94240190335438
2021-09-12 20:00:00,46195.21830082935,34.973468397332404,174.88132072034375
2021-09-13 20:00:00,45139.83396873267,35.80780833928066,169.277346931387
2021-09-14 20:00:00,47135.43199562694,34.3322443658892,157.37799350381528
2021-09-15 20:00:00,48186.53275704722,33.78405246357182,158.59633983839294
2021-09-16 20:00:00,47879.47343992101,36.4521975444269,151.94834110204062
2021-09-17 20:00:00,47228.65821623257,33.384476903450334,147.58433443491424
2021-09-18 20:00:00,48266.62707279063,40.0362440133047,170.10982401213687
2021-09-19 20:00:00,47371.03933236471,43.844974043105054,153.326441718045
2021-09-20 20:00:00,42932.94659595412,34.023880522615414,133.36872474347524
2021-09-21 20:00:00,40386.62363528928,29.90865870322967,122.69238861731206
2021-09-22 20:00:00,43587.22305058473,39.62328129190819,148.3293541912427
2021-09-23 20:00:00,44980.898214810935,41.8780063869765,150.3896531797567
2021-09-24 20:00:00,42752.1681545072,42.24390919856816,139.31414597542954
2021-09-25 20:00:00,42856.855164224515,39.63541836583587,136.8354526288871
2021-09-26 20:00:00,43336.861233242744,39.391575242696874,135.79593311002097
2021-09-27 20:00:00,42247.355729006355,37.17151094867597,136.25952148124458
2021-09-28 20:00:00,41010.37519836549,33.54961088819666,130.60489190775277
2021-09-29 20:00:00,41587.66786232295,33.72096192881218,135.27916281520976
2021-09-30 20:00:00,43859.32614724109,36.21846475319402,141.1837464924982
2021-10-01 20:00:00,48181.87627260008,37.75756829696479,161.3740294980268
2021-10-02 20:00:00,47777.762019063,38.709327713543864,169.20884384676515
2021-10-03 20:00:00,48282.97113857447,38.92623462966413,172.855870204067
2021-10-04 20:00:00,49260.232321130694,36.74652007639558,167.8779097499281
2021-10-05 20:00:00,51668.99422435564,36.94777863860824,164.36927639016088
2021-10-06 20:00:00,55415.00574202895,35.225780112207076,154.09462360903782
2021-10-07 20:00:00,53894.59599452107,36.716389599100445,154.25988506624046
2021-10-08 20:00:00,54010.93747374405,35.0483593162197,158.91461108327633
2021-10-09 20:00:00,55125.460337680444,35.216647957446504,157.3354214402797
2021-10-10 20:00:00,54711.86959664297,32.36811909954478,147.69627281665322
2021-10-11 20:00:00,57572.510855596534,32.01870552561038,144.85910794492872
2021-10-12 20:00:00,56335.035460511535,33.29966040499072,152.00078829875227
2021-10-13 20:00:00,57487.985880422195,34.622069699356935,148.39205395880688
2021-10-14 20:00:00,57452.43178503547,33.7588948950343,150.09136322362892
2021-10-15 20:00:00,61809.02394427028,33.15991735667494,162.9821748166483
2021-10-16 20:00:00,61165.63564211521,33.31303290312281,158.27370286236626
2021-10-17 20:00:00,61583.77443961336,32.444786085873105,159.86349202431006
2021-10-18 20:00:00,62017.972725178704,31.87296268930551,157.37532489090881
2021-10-19 20:00:00,64517.64856042277,34.964625444673786,156.39068064885493
2021-10-20 20:00:00,66237.51755029388,35.96670984781557,175.60195629220317
2021-10-21 20:00:00,62541.08693293518,34.492135342514196,189.05931890382809
2021-10-22 20:00:00,61029.27093182092,34.208327754018114,197.83389968834183
2021-10-23 20:00:00,61572.14043422243,35.83360241849028,198.30695225047282
2021-10-24 20:00:00,61173.1663907232,34.384616024250285,203.16528895289179
2021-10-25 20:00:00,63228.21382584213,35.366768050446,211.19080150794161
2021-10-26 20:00:00,60604.18888794746,42.95210435774217,199.75011389046043
2021-10-27 20:00:00,58641.00147419492,36.91108689629717,183.54274956995576
2021-10-28 20:00:00,60767.55585206728,38.16809858244042,195.08625966302498
2021-10-29 20:00:00,62283.19805587354,39.42002459106207,199.7845325480303
2021-10-30 20:00:00,61837.257002978935,37.186817041723536,193.33785373845146
2021-10-31 20:00:00,61471.86846276259,37.42964865246107,202.39144718715852
2021-11-01 20:00:00,61121.83120106507,37.47035701946299,203.81420779167425
2021-11-02 20:00:00,63247.20896127831,37.01494877052719,220.65381148740764
2021-11-03 20:00:00,63130.94235171542,38.46322939809849,242.04614187434888
2021-11-04 20:00:00,61601.74357204975,37.50732235938287,249.06288567609292
2021-11-05 20:00:00,61247.38494217787,36.98112123506388,237.88946143331174
2021-11-06 20:00:00,61661.35866372036,36.332190312805274,259.23955828664066
2021-11-07 19:00:00,63153.230193019495,35.78945903726396,250.36479323196647
2021-11-08 19:00:00,67617.0155448617,36.60715911903402,248.8224986641578
2021-11-09 19:00:00,67145.37493537061,35.79848829869842,239.42042668071062
2021-11-10 19:00:00,65061.05440696283,32.15140101655048,233.07366976619127
2021-11-11 19:00:00,65005.64515956679,33.10606452631609,234.8643324134869
2021-11-12 19:00:00,64432.04794734522,32.12603013231346,229.39855731141944
2021-11-13 19:00:00,64660.33535267343,32.66572630962995,241.33480045995515
2021-11-14 19:00:00,65648.97779110243,31.93353574466562,239.51447253719712
2021-11-15 19:00:00,63933.835442599324,31.569451611976646,238.76462750446106
2021-11-16 19:00:00,60448.56251258625,28.572022650816606,220.09764163324894
2021-11-17 19:00:00,60603.65586738653,29.575444957113888,219.10555534624334
2021-11-18 19:00:00,56987.32233855049,26.47573970299298,195.0785065693146
2021-11-19 19:00:00,58459.25551667463,28.209935345413683,215.83494421153327
2021-11-20 19:00:00,60082.91166841709,29.569252270589477,218.32939968667216
2021-11-21 19:00:00,59139.779279527174,31.37695234714589,232.44114562844396
2021-11-22 19:00:00,56386.856853152145,32.16650776929644,216.39900684614148
2021-11-23 19:00:00,57748.79317378856,32.2012652071269,222.09815823221743
2021-11-24 19:00:00,57198.18384629529,29.658690334827252,205.54865275061945
2021-11-25 19:00:00,58897.84698299794,29.66471236828052,209.79215190984442
2021-11-26 19:00:00,53827.792865034724,26.979886142145855,192.14742617788187
2021-11-27 19:00:00,54533.40388242691,26.6771730763626,192.13619982447634
2021-11-28 19:00:00,57237.66113709043,27.359378847890362,200.46141949418416
2021-11-29 19:00:00,57848.77353712989,28.038508154214156,204.35042327956776
2021-11-30 19:00:00,57011.28047424234,27.592033970045797,208.705589094445
2021-12-01 19:00:00,57169.37199381056,26.615349321396934,229.4487239706693
2021-12-02 19:00:00,56508.26805402271,28.279911658651663,232.57222783967566
2021-12-03 19:00:00,53785.96717237922,32.70939631298948,212.13388531266622
2021-12-04 19:00:00,49161.99070957517,28.050446818591425,200.94131044922477
2021-12-05 19:00:00,49268.46989053938,24.633648462656502,196.56894708665507
2021-12-06 19:00:00,50461.57683653979,24.34591656727006,193.89173190285274
2021-12-07 19:00:00,50647.66340635755,24.292917508293808,190.37257114243482
2021-12-08 19:00:00,50530.4580645934,25.199720607543252,194.30116864643182
2021-12-09 19:00:00,47885.871989417064,22.58126586137882,181.75158018469773
2021-12-10 19:00:00,47303.56415217411,22.663499160784312,169.46107045067666
2021-12-11 19:00:00,49242.302324071476,24.34108891104911,171.84456471947678
2021-12-12 19:00:00,50051.078348674855,24.596391630080653,173.73511343008292
2021-12-13 19:00:00,46696.30469946678,21.758678252550393,155.08489768608015
2021-12-14 19:00:00,48410.564656309325,21.700585839055535,161.06018556882867
2021-12-15 19:00:00,48936.86258244155,22.35194093213134,178.2619337658359
2021-12-16 19:00:00,47694.530502251764,21.794446035019913,176.80558474391322
2021-12-17 19:00:00,46328.6963654447,21.3115799990798,175.79063841353098
2021-12-18 19:00:00,46970.057050727024,23.107866103174334,182.9705669569821
2021-12-19 19:00:00,46807.04861642627,22.186816266000246,179.93839883526266
2021-12-20 19:00:00,47117.008204210455,21.633196782753387,174.37115871651199
2021-12-21 19:00:00,49145.21725849885,23.56900212067942,180.12601919521373
2021-12-22 19:00:00,48755.89564404483,27.360362921334584,178.57398150636655
2021-12-23 19:00:00,50900.61494951601,28.545887232119252,190.51215929842786
2021-12-24 19:00:00,50888.72103678683,26.976263671401615,190.4403687480951
2021-12-25 19:00:00,50663.48710213215,29.491686244199528,193.28925387578548
2021-12-26 19:00:00,50852.860259540656,32.18242008932204,198.19740128641658
2021-12-27 19:00:00,50774.067814743,29.770556009601595,196.0391793952204
2021-12-28 19:00:00,47725.14804631933,26.77837720583099,178.29769922040717
2021-12-29 19:00:00,46506.99464767938,27.993757799867403,171.27231463236643
2021-12-30 19:00:00,47191.86838983951,30.242086545043552,172.50889438021562
2021-12-31 19:00:00,46319.65108805251,32.511087536772024,170.1966082645718
2022-01-01 19:00:00,47816.07767640849,36.120485455453334,178.88879762342907
2022-01-02 19:00:00,47387.212167697246,35.612887578155764,176.32149989503122
2022-01-03 19:00:00,46531.140860530526,39.34573684551364,170.57083886740085
2022-01-04 19:00:00,45938.02427172366,42.097936398552385,168.0394848714517
2022-01-05 19:00:00,43647.147508068054,39.03544764836552,155.71670664692078
2022-01-06 19:00:00,43216.45867693359,40.21120783303952,150.72362465772903
2022-01-07 19:00:00,41527.197042644846,38.82629563948627,136.6133086353095
2022-01-08 19:00:00,41756.66232397826,36.00902221769303,142.37691491093904
2022-01-09 19:00:00,41862.3609856517,35.10470527037186,140.97069019412947
2022-01-10 19:00:00,41869.85905559219,37.924254718457874,135.98215275078118
2022-01-11 19:00:00,42777.211020482355,38.86218624240033,140.2633692449685
2022-01-12 19:00:00,43981.87732717414,40.249675946363176,151.92225384391546
2022-01-13 19:00:00,42608.41001195019,37.69824571426387,146.8991625118502
2022-01-14 19:00:00,43120.85451108056,40.493562880638606,146.31283636345285
2022-01-15 19:00:00,43226.65026980921,39.27955361389856,147.70351003866236
2022-01-16 19:00:00,43119.79214308028,43.52499869130848,147.94236767494985
2022-01-17 19:00:00,42298.341116872325,39.31080440749911,140.0483723855377
2022-01-18 19:00:00,42395.45879157343,38.34930828177989,141.634144063378
2022-01-19 19:00:00,41749.55143098559,36.92662179936451,135.5936205367398
2022-01-20 19:00:00,40707.6824143097,39.07276164194776,128.56948450207307
2022-01-21 19:00:00,36508.799789830824,34.34976803122491,111.77542786353777
2022-01-22 19:00:00,35180.435462830384,29.267803768360988,94.51541078123918
2022-01-23 19:00:00,36306.409440464704,34.4643476848815,99.69162217459098
2022-01-24 19:00:00,36774.00714224005,36.104308178158796,91.91541131637003
2022-01-25 19:00:00,36988.928510667356,36.06152355950184,95.09282864333939
2022-01-26 19:00:00,36870.440166930995,32.49571070982426,92.24801292004712
2022-01-27 19:00:00,37276.839558174994,30.18353916305386,89.60158614183815
2022-01-28 19:00:00,37852.57902803263,29.583590770619534,91.42580267920562
2022-01-29 19:00:00,38232.17873217708,29.221966221942843,96.17869128153504
2022-01-30 19:00:00,37983.151499406464,27.29021994639074,93.40252902879779
2022-01-31 19:00:00,38555.53446121157,28.174290194508053,99.88984753621435
2022-02-01 19:00:00,38835.69494322237,29.063002558735487,110.12732330616494
2022-02-02 19:00:00,37000.98249864199,26.41308374928689,101.8292164519742
2022-02-03 19:00:00,37101.351593780935,29.49489566518412,100.87832034717168
2022-02-04 19:00:00,41673.8395543094,31.11278153295213,112.48079518340074
2022-02-05 19:00:00,41493.690050910525,30.881639634846454,114.33315412383556
2022-02-06 19:00:00,42475.543220951215,31.321912758638643,115.2834781341491
2022-02-07 19:00:00,43910.929986443094,31.754634723859542,117.67187313780884
2022-02-08 19:00:00,44184.447511676175,30.53102518115707,113.69745549618692
2022-02-09 19:00:00,44383.88805541707,30.963072795708523,114.34358742446604
2022-02-10 19:00:00,43628.13953235228,29.179916422671667,106.41810262178213
2022-02-11 19:00:00,42445.38876793804,26.557823043187096,96.46324431285534
2022-02-12 19:00:00,42254.738123237206,27.046407032763103,95.70003429059713
2022-02-13 19:00:00,42247.83595326771,26.38992746168969,93.36714504855237
2022-02-14 19:00:00,42634.573783663065,27.220738553175977,96.44224243421378
2022-02-15 19:00:00,44574.32057099816,28.989646487577623,104.85069673096622
2022-02-16 19:00:00,44063.28198279571,28.575496580856043,101.95613259465958
2022-02-17 19:00:00,40562.98694982819,28.017107744402715,93.4045235835354
2022-02-18 19:00:00,40073.495362369824,27.070861420161155,90.10899056118771
2022-02-19 19:00:00,40192.75912143141,26.71728405125772,91.60559213966147
2022-02-20 19:00:00,38514.00853622455,26.292295506798705,90.80316641928688
2022-02-21 19:00:00,37059.979402287514,23.81989684344899,83.14387140523519
2022-02-22 19:00:00,38337.2038554348,24.848205422402017,86.57269722666857
2022-02-23 19:00:00,37372.2926803477,25.313447717424935,85.26903088293193
2022-02-24 19:00:00,38363.345488570165,24.965540501342506,89.05132726925892
2022-02-25 19:00:00,39316.16207578596,27.310441566733804,92.73641556746163
2022-02-26 19:00:00,39090.202153609054,29.791537940633134,90.10798522206623
2022-02-27 19:00:00,37803.59016044929,26.803174809105908,85.56819666616444
2022-02-28 19:00:00,43225.404677435734,31.49536230530685,99.57917400308274
2022-03-01 19:00:00,44459.59162774341,31.136687643117885,98.75845247572444
2022-03-02 19:00:00,43980.707382090906,32.27560276787394,100.78986523175992
2022-03-03 19:00:00,42491.97839335905,34.13387946727023,95.55882629437178
2022-03-04 19:00:00,39200.29973557414,30.52546756732509,88.2451628518882
2022-03-05 19:00:00,39463.14681149058,31.056957533739727,89.78895188514215
2022-03-06 19:00:00,38442.99174588676,28.166506287410538,84.63923583859497
2022-03-07 19:00:00,38076.49382252028,28.445231864383516,82.06724918865827
2022-03-08 19:00:00,38732.93701302586,27.826715361769693,82.25360674455618
2022-03-09 19:00:00,41986.03444607623,30.084405612411018,88.185052838507
2022-03-10 19:00:00,39468.35477300189,28.063014135403797,83.02500801904657
2022-03-11 19:00:00,38775.17558840679,27.607859386212986,80.69121367419427
2022-03-12 19:00:00,38903.69354800599,27.23322808879681,81.60999773356421
2022-03-13 20:00:00,37852.52514106289,26.335014089685696,78.99818199674436
2022-03-14 20:00:00,39669.423812004505,26.850521609597436,81.16870194524185
2022-03-15 20:00:00,39331.84654059453,26.864328415179504,82.94439063872372
2022-03-16 20:00:00,41165.63506140341,28.9808703952671,87.84993508447106
2022-03-17 20:00:00,41001.70957801974,28.20897690174535,87.96768776096062
2022-03-18 20:00:00,41837.41313797566,28.721085430278922,89.90595375292516
2022-03-19 20:00:00,42201.939920688186,28.640433718932396,92.40408532356939
2022-03-20 20:00:00,41283.25900104565,27.78939032127448,88.59618802144291
2022-03-21 20:00:00,41061.81589384987,27.986556801358628,88.7701729513472
2022-03-22 20:00:00,42401.895597489434,28.03162167585189,90.50413587116581
2022-03-23 20:00:00,42802.15471016985,28.160676792176393,94.9197584526827
2022-03-24 20:00:00,43936.09623454058,29.04275570215314,102.1802283204168
2022-03-25 20:00:00,44331.77795706412,28.127654834499385,98.6467426834056
2022-03-26 20:00:00,44510.84421762133,28.78864456592862,101.64121040495988
2022-03-27 20:00:00,46715.1176185105,29.76873478950538,106.90984972476438
2022-03-28 20:00:00,46994.879118357465,29.358371179439903,106.24001892236811
2022-03-29 20:00:00,47459.261237539096,30.225754587846527,111.74644646494659
2022-03-30 20:00:00,47063.36584996355,30.210380781681472,120.6985421756732
2022-03-31 20:00:00,45528.40715313835,28.864659032330586,122.76130420785864
2022-04-01 20:00:00,46270.20070585378,29.37572480046033,134.3709278834371
2022-04-02 20:00:00,45842.14476317382,31.356491359195907,132.265543980239
2022-04-03 20:00:00,46434.562982661664,31.93009046024804,136.6745408370863
2022-04-04 20:00:00,46622.63571309101,30.86084791955907,132.34498367671756
2022-04-05 20:00:00,45635.45438126673,29.337570499612795,126.60568047767862
2022-04-06 20:00:00,43198.77526936491,26.85019606893456,112.52902554657368
2022-04-07 20:00:00,43515.15032279806,27.801470429219854,118.68839511414586
2022-04-08 20:00:00,42315.70972421807,26.8488833545748,109.69148769667358
2022-04-09 20:00:00,42796.39747810973,27.30296609583466,113.00645605235755
2022-04-10 20:00:00,42274.907370256085,26.65897717746872,112.17415972141916
2022-04-11 20:00:00,39603.965159284155,23.80180497844765,99.4525253186753
2022-04-12 20:00:00,40205.67794073206,24.752463363691003,103.5030349870942
2022-04-13 20:00:00,41205.16871904067,24.739846994247326,104.84447690095557
2022-04-14 20:00:00,39959.457069033735,23.991448077230103,100.73923844736916
2022-04-15 20:00:00,40586.59730938673,24.1416992137109,101.34727865599696
2022-04-16 20:00:00,40450.37930543977,24.225860522405302,102.31192588830538
2022-04-17 20:00:00,39739.11925622209,23.274634857234446,100.4425980848116
2022-04-18 20:00:00,40833.5379650337,24.09412100873218,102.2653514381208
2022-04-19 20:00:00,41498.12244669832,24.666264870812956,108.54104696942882
2022-04-20 20:00:00,41397.220477279625,24.304714388793236,105.5952606987279
2022-04-21 20:00:00,40528.54148675958,23.327806568173987,101.80288174581625
2022-04-22 20:00:00,39756.848993471016,23.08887592888991,100.63914018210745
2022-04-23 20:00:00,39561.78019075613,23.289780251122103,100.76479327231522
2022-04-24 20:00:00,39469.04986198146,22.331863906347955,99.17128671058997
2022-04-25 20:00:00,40488.877917622376,22.136512640942602,101.29344264300205
2022-04-26 20:00:00,38134.21545068938,20.291362965207174,95.71302246920415
2022-04-27 20:00:00,39237.94931747103,21.499448319620793,98.3678448915887
2022-04-28 20:00:00,39741.766645809636,20.71357052781684,98.00485093884978
2022-04-29 20:00:00,38650.55013809267,19.464151149928878,94.09484079716263
2022-04-30 20:00:00,37820.61176529208,17.94492804748787,85.30298356157343
2022-05-01 20:00:00,38537.65476669535,18.034929424243167,89.73834617404604
2022-05-02 20:00:00,38561.56539902362,17.820119396693467,87.6049851260926
2022-05-03 20:00:00,37758.496107734,17.597763694661428,85.88113182978256
2022-05-04 20:00:00,39699.02404125388,19.920751461242876,92.82061835080546
2022-05-05 20:00:00,36612.229548803036,17.845468223833112,84.62182696838384
2022-05-06 20:00:00,36116.394294982965,17.735623435921866,81.76031251495388
2022-05-07 20:00:00,35573.31019883488,16.500162673032357,79.1909801214645
2022-05-08 20:00:00,34070.31219757961,15.679438161116833,74.92241129843457
2022-05-09 20:00:00,30269.586956629482,12.803219382752573,63.59080375212239
2022-05-10 20:00:00,31026.93386836242,13.606189676683966,66.73197492092409
2022-05-11 20:00:00,28913.48836365432,10.846331838870803,50.32055764767889
2022-05-12 20:00:00,29126.11597686014,9.750761337183734,44.64907159879217
2022-05-13 20:00:00,29310.728959858257,10.268148476649134,48.604749742620285
2022-05-14 20:00:00,30189.333177005963,10.875108834884555,52.53693016663614
2022-05-15 20:00:00,31319.309111130002,12.358513197583822,58.845207179976505
2022-05-16 20:00:00,29923.606993639707,11.029544721934714,53.64872755824407
2022-05-17 20:00:00,30502.19328027689,11.512529977626254,57.41976646466422
2022-05-18 20:00:00,28772.200501112577,10.092025779383134,49.76196637946705
2022-05-19 20:00:00,30382.40624219559,10.933543144286697,52.332264069475926
2022-05-20 20:00:00,29256.813374416255,11.21584071663337,49.58463231269403
2022-05-21 20:00:00,29491.507947760598,11.097537750900084,50.34352259407359
2022-05-22 20:00:00,30351.050417138096,11.427119100888095,52.767400507738245
2022-05-23 20:00:00,29163.167775739188,11.15528957041135,49.12044024307904
2022-05-24 20:00:00,29655.02613175249,11.087887574714992,49.636798974862586
2022-05-25 20:00:00,29584.949851985926,10.724796513340301,48.056134850350986
2022-05-26 20:00:00,29346.781442431617,9.677480188004255,43.546922400599904
2022-05-27 20:00:00,28646.65218193245,9.257783714084054,40.99753816385139
2022-05-28 20:00:00,29088.236452817226,9.442714065846443,44.46481243620848
2022-05-29 20:00:00,29492.503214953642,9.607657645645652,44.92918554220565
2022-05-30 20:00:00,31740.94072516695,10.517151461958886,47.19388053427913
2022-05-31 20:00:00,31865.749621173167,10.306355523464724,45.97177874707522
2022-06-01 20:00:00,29833.450330205254,9.373625169280452,40.24040840767166
2022-06-02 20:00:00,30481.013996026013,9.639776382115162,40.889861237118055
2022-06-03 20:00:00,29714.143487149733,9.182193902444377,38.27578860880165
2022-06-04 20:00:00,29872.3603087139,9.253761392292168,38.977511864594476
2022-06-05 20:00:00,29917.764052456198,9.178199282302264,38.46322506754232
2022-06-06 20:00:00,31372.5847629755,9.468175608629252,42.41060097547512
2022-06-07 20:00:00,31265.469277693348,9.254634525931989,39.54988117863195
2022-06-08 20:00:00,30229.236836130378,8.77538387761778,38.84247541383652
2022-06-09 20:00:00,30101.187521431468,8.783435054401268,39.968293957459224
2022-06-10 20:00:00,29101.2982596468,8.096522314093383,37.08479689474987
2022-06-11 20:00:00,28374.14499732395,7.53702075187,33.807388422050096
2022-06-12 20:00:00,26767.269173221313,7.134213352669133,30.743227017287673
2022-06-13 20:00:00,22525.768350391198,6.465381924737691,28.19296638841233
2022-06-14 20:00:00,22244.848968001315,6.379412037332482,29.71678758953202
2022-06-15 20:00:00,22529.198114649807,7.311760528428805,34.488080805614366
2022-06-16 20:00:00,20408.690490591813,6.320070631041246,30.07068349379034
2022-06-17 20:00:00,20473.05288079512,6.410653066819277,30.872720498925386
2022-06-18 20:00:00,19047.41782828195,6.096081796852272,31.81920871210764
2022-06-19 20:00:00,20516.41197977524,6.772922482404532,34.19205503380821
2022-06-20 20:00:00,20636.75891240637,6.843123932129147,35.469042360178356
2022-06-21 20:00:00,20700.923933039136,6.934338840611064,36.13937945011591
2022-06-22 20:00:00,19983.566482863105,7.085793799603494,34.23012589505999
2022-06-23 20:00:00,21100.270533511088,8.159210871089611,38.21182318782288
2022-06-24 20:00:00,21262.71348295613,8.344127702269425,42.477220280035226
2022-06-25 20:00:00,21525.88036221139,8.673764617792113,42.386373142046885
2022-06-26 20:00:00,21052.80539783573,8.051481517739647,39.498441762282916
2022-06-27 20:00:00,20751.477530790766,7.786824203810657,38.50106935796682
2022-06-28 20:00:00,20282.542479269694,7.324964432139627,35.326033591585926
2022-06-29 20:00:00,20108.529472889782,7.373133274768672,33.91501146159494
2022-06-30 20:00:00,19608.397493423083,7.4782292718290035,33.31459552878431
2022-07-01 20:00:00,19407.447430262473,8.133538489011496,33.03847781026744
2022-07-02 20:00:00,19268.227002666128,8.076870123416818,33.42207503046209
2022-07-03 20:00:00,19310.233218521833,8.118431963051819,33.44782701859301
2022-07-04 20:00:00,20257.012328592882,8.766070168556698,36.77949394045729
2022-07-05 20:00:00,20188.779663973284,8.966713032089592,35.32196887460825
2022-07-06 20:00:00,20566.68722377,8.913130214479043,37.09265792987144
2022-07-07 20:00:00,21660.596837075183,9.399074895433499,38.546664352464504
2022-07-08 20:00:00,21858.818749217564,9.120893623873767,38.594429443195615
2022-07-09 20:00:00,21589.628101459668,8.989837870435542,38.06013313228005
2022-07-10 20:00:00,20859.81407965063,8.808478794661038,36.72673590110457
2022-07-11 20:00:00,19998.467839575842,8.19485909387952,33.50915025006571
2022-07-12 20:00:00,19350.73735007727,7.825271633547674,32.81893154431144
2022-07-13 20:00:00,20225.23866433186,8.17326044681556,34.94649867641145
2022-07-14 20:00:00,20574.84059150044,8.983433771769969,37.17597728466076
2022-07-15 20:00:00,20794.811981436706,9.054819163320465,37.44045111321192
2022-07-16 20:00:00,21193.08334336837,9.223151908784669,39.60146830743091
2022-07-17 20:00:00,20824.36275165164,8.922287192143722,38.62422664809307
2022-07-18 20:00:00,22395.365383103952,9.577037007283982,43.68127821391667
2022-07-19 20:00:00,23366.90769792785,10.563837204636497,44.92662577061741
2022-07-20 20:00:00,23313.296731959555,9.6758205955261,42.19129439126226
2022-07-21 20:00:00,23155.207555248304,11.071160445532211,43.18589352726285
2022-07-22 20:00:00,22696.902754290055,10.671857616473227,40.57509235571396
2022-07-23 20:00:00,22506.199573628986,10.123221828227583,40.12586568362252
2022-07-24 20:00:00,22613.719208248454,10.005804666215338,40.98522629187172
2022-07-25 20:00:00,21330.295450788173,9.05130950864019,36.70021199705349
2022-07-26 20:00:00,21235.612316085775,9.211472373345833,36.2281816493087
2022-07-27 20:00:00,22908.884260468687,10.32229342716545,40.29544931385727
2022-07-28 20:00:00,23822.067597823116,10.870830292929965,42.831212766381604
2022-07-29 20:00:00,23847.58331873861,11.22254365885635,42.13988872458668
2022-07-30 20:00:00,23653.459549430798,10.690038511048598,43.80347390626749
2022-07-31 20:00:00,23379.70052509082,10.3959682286567,42.48000309195332
2022-08-01 20:00:00,23333.749243312184,10.473269002236767,41.70142770548663
2022-08-02 20:00:00,23053.846847482677,9.980953809169952,40.21202813817764
2022-08-03 20:00:00,22860.42098438317,10.18101111805147,38.634063074873644
2022-08-04 20:00:00,22678.363633874185,10.416293024966217,38.94463727964988
2022-08-05 20:00:00,23225.036201942938,10.950270687527901,40.496917469507096
2022-08-06 20:00:00,22984.57953144855,10.651727662251746,40.17551021431985
2022-08-07 20:00:00,23197.603469525384,11.381910062634745,40.646219845232366
2022-08-08 20:00:00,23823.679442453606,11.805351798355673,42.156823142394586
2022-08-09 20:00:00,23203.680696781623,11.431783392452669,40.49015736455393
2022-08-10 20:00:00,23948.829553271633,11.95776826697823,42.295780396654315
2022-08-11 20:00:00,23948.75170368143,11.756674897420075,42.75287041576665
2022-08-12 20:00:00,24411.379871522615,12.08890190179233,45.34052505434913
2022-08-13 20:00:00,24433.653747243658,11.916308625668012,46.62762818566225
2022-08-14 20:00:00,24312.541424891562,11.610975749441952,44.97769928373126
2022-08-15 20:00:00,24179.014652309197,11.424164516589208,43.902581229420576
2022-08-16 20:00:00,23913.333725628458,11.441179467699497,43.25208387360771
2022-08-17 20:00:00,23359.418837070007,11.729001490235781,40.5562855378095
2022-08-18 20:00:00,23248.38422819264,11.537567245378204,39.618894866249
2022-08-19 20:00:00,20945.8339660496,10.811018260105765,35.98979542858258
2022-08-20 20:00:00,21175.232732989512,10.25895014449013,35.23183017005089
2022-08-21 20:00:00,21615.761693416986,10.679850539323628,36.53272408478192
2022-08-22 20:00:00,21387.747114773963,11.06334752567311,35.48979518227352
2022-08-23 20:00:00,21562.45153991356,12.142024542898195,35.705064719424506
2022-08-24 20:00:00,21395.45846975991,13.013569390043344,34.98161284031775
2022-08-25 20:00:00,21618.009019176647,12.877309727470042,35.34736653928148
2022-08-26 20:00:00,20271.322951706014,11.530672478768455,31.78642232940313
2022-08-27 20:00:00,20069.953331596196,11.264204009515938,31.639231915430067
2022-08-28 20:00:00,19659.24670619362,10.625778737190165,30.630708245633155
2022-08-29 20:00:00,20308.861447891457,11.453184611706964,32.4676226051912
2022-08-30 20:00:00,19805.35069885804,11.923436410846127,31.460462070253442
2022-08-31 20:00:00,20023.55444491251,11.80089438244133,31.453501865317026
2022-09-01 20:00:00,20153.975977982507,12.752393607918428,31.62752044554708
2022-09-02 20:00:00,19941.451370047158,12.632846124180249,31.196467701402543
2022-09-03 20:00:00,19814.5642451146,12.616066517705681,31.076260104837697
2022-09-04 20:00:00,19980.013222242276,12.943345921597478,32.14492440492364
2022-09-05 20:00:00,19785.73350185514,12.65333011803164,32.21580982933859
2022-09-06 20:00:00,18859.500087680277,11.825420919608753,30.932571057846985
2022-09-07 20:00:00,19280.62547645678,12.972148745892936,32.75240078147267
2022-09-08 20:00:00,19322.77774937157,13.860224136219005,33.60651304711081
2022-09-09 20:00:00,21359.58252557909,16.05408433243173,34.707446929384965
2022-09-10 20:00:00,21707.38731931814,16.04948367418614,35.15110408808845
2022-09-11 20:00:00,21739.80437979554,15.670024612415324,34.90471667494537
2022-09-12 20:00:00,22339.67050262336,15.490967925658044,37.344616214599014
2022-09-13 20:00:00,20184.96749189655,13.932606940488691,33.05973266575832
2022-09-14 20:00:00,20255.922978327133,14.032191787965404,34.071010519185705
2022-09-15 20:00:00,19702.169889811717,14.876547959298833,33.064248381166855
2022-09-16 20:00:00,19764.411712043777,16.622147958719605,32.18223307870709
2022-09-17 20:00:00,20131.675305714027,16.490719680737374,33.76184563714559
2022-09-18 20:00:00,19437.157867982634,14.768411582106394,31.08875046830983
2022-09-19 20:00:00,19570.386709523507,15.685418316033665,32.71343099163381
2022-09-20 20:00:00,18869.928809390534,13.951994254014277,31.405493503670975
2022-09-21 20:00:00,18539.63523831258,13.484298052330358,30.825149460297027
2022-09-22 20:00:00,19464.322663348466,14.664572318544492,32.46791740152261
2022-09-23 20:00:00,19291.904802452067,14.243810720050144,33.71195119466151
2022-09-24 20:00:00,18939.970580499372,13.663733785202602,33.5038789488122
2022-09-25 20:00:00,18809.41143933244,14.077002033751851,32.32786924066603
2022-09-26 20:00:00,19219.727780656474,13.898333812113009,33.85239531271168
2022-09-27 20:00:00,19116.331160710437,13.539054930233767,32.76612155979491
2022-09-28 20:00:00,19444.787771362975,13.062802263044027,33.303299964397056
2022-09-29 20:00:00,19563.765161776904,12.800598340597977,33.93599567295436
2022-09-30 20:00:00,19476.92659600407,13.005893016177016,33.24966351604033
2022-10-01 20:00:00,19314.463835217448,12.673153101267072,32.45579081734204
2022-10-02 20:00:00,19065.153837148988,12.04651962922931,32.09702548893108
2022-10-03 20:00:00,19620.567543591394,12.890292401216339,32.9839333048039
2022-10-04 20:00:00,20345.398520106643,13.023405285355434,34.12979146381925
2022-10-05 20:00:00,20161.830614985047,12.984190073573632,34.09322257643218
2022-10-06 20:00:00,19949.051041418512,12.994589883126046,33.33775389191098
2022-10-07 20:00:00,19457.308951251147,12.855065200638572,32.91839237624644
2022-10-08 20:00:00,19418.037989243952,13.12308775403825,32.60000089346164
2022-10-09 20:00:00,19448.14900175761,13.212799666364111,32.90519327468117
2022-10-10 20:00:00,19142.694767392895,12.472543727839556,31.96971297778321
2022-10-11 20:00:00,19058.628039738272,12.16514695579542,30.78828821701152
2022-10-12 20:00:00,19153.039779986986,11.746409931363186,31.141224150324152
2022-10-13 20:00:00,19383.9432200889,11.395706114525957,30.58269363666032
2022-10-14 20:00:00,19198.107144951755,11.648597257647205,30.03589921524538
2022-10-15 20:00:00,19072.780513358884,11.542433410230448,29.576743642363166
2022-10-16 20:00:00,19272.921847772006,11.722493582715662,30.166911022944717
2022-10-17 20:00:00,19557.895548868444,12.445576108016605,31.244752367609617
2022-10-18 20:00:00,19348.029368810374,12.548492513664602,30.20117255023985
